Time[s],2400Volt[V],Freq[Hz],Capacitance[C],DissipationFactor[D]
0.003000,-3.000000,10000.000000,+3.6072734e-12, +9.5612852e-03
1.479000,-2.900000,10000.000000,+3.6484197e-12, +9.8133458e-03
2.479000,-2.800000,10000.000000,+3.7110498e-12, +9.3078789e-03
3.479000,-2.700000,10000.000000,+3.7592425e-12, +9.5437810e-03
4.479000,-2.600000,10000.000000,+3.8111528e-12, +9.6140512e-03
5.479000,-2.500000,10000.000000,+3.8714757e-12, +9.1229220e-03
6.479000,-2.400000,10000.000000,+3.9334730e-12, +1.0980024e-02
7.479000,-2.300000,10000.000000,+4.0161733e-12, +5.6323641e-03
8.479000,-2.200000,10000.000000,+4.0697229e-12, +1.2588763e-02
9.479000,-2.100000,10000.000000,+4.1222005e-12, +1.0454699e-02
10.479000,-2.000000,10000.000000,+4.2125644e-12, +6.7325140e-03
11.479000,-1.900000,10000.000000,+4.2884247e-12, +8.4250624e-03
12.479000,-1.800000,10000.000000,+4.3716138e-12, +1.2297363e-02
13.479000,-1.700000,10000.000000,+4.4026046e-12, +1.3916883e-02
14.480000,-1.600000,10000.000000,+4.5395290e-12, +6.2119839e-03
15.480000,-1.500000,10000.000000,+4.6664587e-12, +7.6481047e-03
16.480000,-1.400000,10000.000000,+4.7604729e-12, +1.0594735e-02
17.480000,-1.300000,10000.000000,+4.8720473e-12, +1.2253304e-02
18.480000,-1.200000,10000.000000,+4.9789717e-12, +1.7427570e-02
19.480000,-1.100000,10000.000000,+5.0850960e-12, +1.2637255e-02
20.481000,-1.000000,10000.000000,+5.2356943e-12, +8.1530212e-03
21.481000,-0.900000,10000.000000,+5.4540874e-12, +7.3256184e-03
22.481000,-0.800000,10000.000000,+5.6623478e-12, +1.0022919e-02
23.481000,-0.700000,10000.000000,+5.8542534e-12, +9.9954185e-03
24.481000,-0.600000,10000.000000,+6.0754415e-12, +1.0104589e-02
25.481000,-0.500000,10000.000000,+6.3275996e-12, +1.1741633e-02
26.482000,-0.400000,10000.000000,+6.6212497e-12, +1.2444167e-02
27.482000,-0.300000,10000.000000,+6.9728903e-12, +9.5227080e-03
28.482000,-0.200000,10000.000000,O\R,O\R
29.483000,-0.100000,10000.000000,O\R,O\R
30.483000,0.000000,10000.000000,O\R,O\R
31.483000,0.100000,10000.000000,O\R,O\R
32.483000,0.200000,10000.000000,O\R,O\R
33.483000,0.300000,10000.000000,+7.5760106e-11, +2.6846392e+00
34.483000,0.400000,10000.000000,+2.0725524e-10, +1.5762716e+00
35.483000,0.500000,10000.000000,+2.7131635e-10, +1.3539156e+00
36.483000,0.600000,10000.000000,+2.9933430e-10, +1.3163873e+00
37.483000,0.700000,10000.000000,+3.1695779e-10, +1.3335699e+00
38.483000,0.800000,10000.000000,+3.2711041e-10, +1.3735300e+00
39.483000,0.900000,10000.000000,+3.3388577e-10, +1.4310177e+00
40.483000,1.000000,10000.000000,+3.3863844e-10, +1.4974248e+00
