File,Voltage_V,Frequency_Hz,Capacitance_F,Capacitance_pF,DissipationFactor,InvC2_Fminus2,UsedForFit
1.csv,-3.0,10000.0,3.8305908e-12,3.8305908,0.0056286412,6.815041070704676e+22,True
1.csv,-2.9,10000.0,3.6611196e-12,3.6611196,0.012804164,7.460572705472647e+22,True
1.csv,-2.8,10000.0,3.7214017e-12,3.7214017,0.010482007,7.2208262774072336e+22,True
1.csv,-2.7,10000.0,3.7672279e-12,3.7672279000000004,0.01155633,7.046220220305376e+22,True
1.csv,-2.6,10000.0,3.8319734e-12,3.8319734,0.0093424161,6.8101241389012245e+22,True
1.csv,-2.5,10000.0,3.9086048e-12,3.9086048,0.0083335665,6.545705741399281e+22,True
1.csv,-2.4,10000.0,3.9581642e-12,3.9581642,0.012592202,6.382816911867844e+22,True
1.csv,-2.3,10000.0,4.010578e-12,4.010578,0.011162266,6.217074415053355e+22,True
1.csv,-2.2,10000.0,4.0966966e-12,4.0966966000000005,0.0095998048,5.9584376217801515e+22,True
1.csv,-2.1,10000.0,4.1586405e-12,4.1586405,0.012716652,5.7822550290615436e+22,True
1.csv,-2.0,10000.0,4.2215793e-12,4.2215793,0.0088432989,5.611126976868665e+22,True
1.csv,-1.9,10000.0,4.3297237e-12,4.3297237,0.0093578891,5.334326992322427e+22,True
1.csv,-1.8,10000.0,4.4220639e-12,4.4220639,0.014146004,5.113873396865024e+22,True
1.csv,-1.7,10000.0,4.4690133e-12,4.4690133,0.017144774,5.006989788894559e+22,True
1.csv,-1.6,10000.0,4.5659002e-12,4.565900200000001,0.007945558,4.796750956498041e+22,True
1.csv,-1.5,10000.0,4.7219473e-12,4.7219473,0.00026909139,4.484951267715296e+22,True
1.csv,-1.4,10000.0,4.8006083e-12,4.8006083,0.0092163336,4.339177907288939e+22,True
1.csv,-1.3,10000.0,4.9158833e-12,4.9158833,0.0096376425,4.138060835025713e+22,True
1.csv,-1.2,10000.0,5.0545363e-12,5.0545363000000005,0.011239733,3.9141490573647804e+22,True
1.csv,-1.1,10000.0,5.1812843e-12,5.1812843,0.011710239,3.7249903684632445e+22,True
1.csv,-1.0,10000.0,5.3344821e-12,5.3344821,0.010883133,3.514111001871472e+22,True
1.csv,-0.9,10000.0,5.5032724e-12,5.5032724,0.0087128038,3.3018548678738915e+22,True
1.csv,-0.8,10000.0,5.625959e-12,5.625959,0.0036088719,3.1594164445291076e+22,True
1.csv,-0.7,10000.0,5.9007587e-12,5.9007587,0.010317995,2.8719990323454943e+22,True
1.csv,-0.6,10000.0,6.1210829e-12,6.121082899999999,0.0062213837,2.6689686792925943e+22,True
1.csv,-0.5,10000.0,6.3881527e-12,6.3881527,0.011618704,2.4504701827320744e+22,True
1.csv,-0.4,10000.0,6.6911534e-12,6.6911534,0.01205974,2.2335620753319168e+22,True
1.csv,-0.3,10000.0,7.0340449e-12,7.0340449000000005,0.012839868,2.021108960991668e+22,True
1.csv,-0.2,10000.0,7.4857881e-12,7.4857881,0.012763375,1.7845344701272084e+22,True
1.csv,-0.1,10000.0,7.9907826e-12,7.990782600000001,0.015510206,1.566106779138434e+22,True
1.csv,0.0,10000.0,8.604638e-12,8.604638,0.039501411,1.350625023340775e+22,True
1.csv,0.1,10000.0,9.3386645e-12,9.3386645,0.61452562,1.1466488860645668e+22,False
1.csv,0.2,10000.0,1.5106617e-11,15.106616999999998,4.1699652,4.381931283327871e+21,False
1.csv,0.4,10000.0,1.8384589e-10,183.84589,1.5534646,2.9586401687740432e+19,False
1.csv,0.5,10000.0,2.4226612e-10,242.26612000000003,1.2791502,1.7037843789079212e+19,False
1.csv,0.6,10000.0,2.7388316e-10,273.88316,1.1668779,1.3331202948163084e+19,False
1.csv,0.7,10000.0,2.9280352e-10,292.80352,1.1008856,1.166399737504434e+19,False
1.csv,0.8,10000.0,3.0401006e-10,304.01005999999995,1.0567431,1.0819920999335516e+19,False
1.csv,0.9,10000.0,3.1239191e-10,312.39191,1.025431,1.0247087463230702e+19,False
1.csv,1.0,10000.0,3.1833521e-10,318.33521,0.9945379,9.868034193969588e+18,False
1.csv,1.1,10000.0,3.2261137e-10,322.61136999999997,0.95897186,9.608169614172291e+18,False
1.csv,1.2,10000.0,3.2635913e-10,326.35913,0.92338253,9.388764950355315e+18,False
1.csv,1.3,10000.0,3.2985039e-10,329.85039,0.89363003,9.191068358690853e+18,False
1.csv,1.4,10000.0,3.3218319e-10,332.18318999999997,0.8758337,9.062430672862137e+18,False
1.csv,1.5,10000.0,3.3391683e-10,333.91683,0.86757446,8.968573721133508e+18,False
1.csv,1.6,10000.0,3.3480248e-10,334.80248,0.86033696,8.92118750392353e+18,False
2.csv,-3.0,10000.0,3.6082977e-12,3.6082977,0.0031631791,7.680602282014979e+22,True
2.csv,-2.9,10000.0,3.6660549e-12,3.6660549000000002,0.0077003389,7.440499148726454e+22,True
2.csv,-2.8,10000.0,3.6945066e-12,3.6945066000000004,0.010659353,7.326340624888687e+22,True
2.csv,-2.7,10000.0,3.7369427e-12,3.7369427,0.0084943258,7.1608919807215045e+22,True
2.csv,-2.6,10000.0,3.8181546e-12,3.8181545999999997,0.0020234782,6.859508227479156e+22,True
2.csv,-2.5,10000.0,3.864071e-12,3.8640710000000005,0.0074096209,6.6974550043780645e+22,True
2.csv,-2.4,10000.0,3.9130635e-12,3.9130635000000002,0.0061337155,6.530797365533511e+22,True
2.csv,-2.3,10000.0,3.9812767e-12,3.9812767,0.0087434648,6.30892370632291e+22,True
2.csv,-2.2,10000.0,4.0458388e-12,4.0458388,0.0084091983,6.109178996657847e+22,True
2.csv,-2.1,10000.0,4.1261101e-12,4.1261101,0.0062292278,5.873789454621443e+22,True
2.csv,-2.0,10000.0,4.2023052e-12,4.2023052000000005,0.0076277623,5.66271648971581e+22,True
2.csv,-1.9,10000.0,4.2655823e-12,4.2655823,0.0078079332,5.495957285421582e+22,True
2.csv,-1.8,10000.0,4.3527621e-12,4.3527621,0.00742674,5.278009129269013e+22,True
2.csv,-1.7,10000.0,4.4454623e-12,4.4454623,0.0062213036,5.0601819941387515e+22,True
2.csv,-1.6,10000.0,4.5388143e-12,4.5388143,0.0057406918,4.8541721142379745e+22,True
2.csv,-1.5,10000.0,4.6509281e-12,4.6509281,0.0085798259,4.622966524142366e+22,True
2.csv,-1.4,10000.0,4.7648223e-12,4.7648223,0.0098591883,4.404601098169561e+22,True
2.csv,-1.3,10000.0,4.8627964e-12,4.862796400000001,0.016648004,4.228904005867067e+22,True
2.csv,-1.2,10000.0,5.0084391e-12,5.0084391,0.0099030592,3.986531548067739e+22,True
2.csv,-1.1,10000.0,5.1286615e-12,5.1286615,0.01082088,3.801823302370361e+22,True
2.csv,-1.0,10000.0,5.2935409e-12,5.2935409,0.0080119007,3.5686787438693428e+22,True
2.csv,-0.9,10000.0,5.459625e-12,5.459625,0.01001332,3.3548597753560005e+22,True
2.csv,-0.8,10000.0,5.6447751e-12,5.6447750999999995,0.0096175958,3.1383885686897316e+22,True
2.csv,-0.7,10000.0,5.8682153e-12,5.8682153,0.0091168414,2.903941887941858e+22,True
2.csv,-0.6,10000.0,6.0714256e-12,6.0714256,0.010960678,2.712805423523219e+22,True
2.csv,-0.5,10000.0,6.3322707e-12,6.3322707,0.0089335822,2.493911600014174e+22,True
2.csv,-0.4,10000.0,6.6362862e-12,6.6362862,0.011850073,2.2706478480909557e+22,True
2.csv,-0.2,10000.0,7.4182822e-12,7.418282200000001,0.010343797,1.8171605475610923e+22,True
2.csv,0.2,10000.0,1.1695818e-11,11.695818000000001,2.6379871,7.310360546854265e+21,False
2.csv,0.3,10000.0,7.7064306e-11,77.06430599999999,2.8267109,1.683811442653049e+20,False
2.csv,0.5,10000.0,2.6338428e-10,263.38428,1.4497969,1.4415187598092827e+19,False
2.csv,0.6,10000.0,2.9202529e-10,292.02529,1.3915744,1.1726247927882602e+19,False
2.csv,0.7,10000.0,3.0834332e-10,308.34332,1.3901762,1.0517945388362869e+19,False
2.csv,0.8,10000.0,3.1815694e-10,318.15693999999996,1.3949407,9.879095824791871e+18,False
2.csv,0.9,10000.0,3.2531205e-10,325.31205,1.4127102,9.44930134397648e+18,False
2.csv,1.0,10000.0,3.2979732e-10,329.79732,1.4488373,9.194026595240752e+18,False
2.csv,1.1,10000.0,3.3462313e-10,334.62313,1.4398609,8.930753153277909e+18,False
2.csv,1.2,10000.0,3.3751101e-10,337.51101,1.4338444,8.778576757184481e+18,False
2.csv,1.3,10000.0,3.4021543e-10,340.21543,1.4289152,8.639567198124034e+18,False
2.csv,1.4,10000.0,3.4329558e-10,343.29558,1.4195784,8.485229170975688e+18,False
2.csv,1.5,10000.0,3.437433e-10,343.74330000000003,1.4280094,8.463139822718079e+18,False
2.csv,1.6,10000.0,3.4621172e-10,346.21172,1.4252441,8.342889065352579e+18,False
2.csv,1.7,10000.0,3.4770996e-10,347.70996,1.4262502,8.271146971016626e+18,False
2.csv,1.8,10000.0,3.4950067e-10,349.50067,1.4302053,8.186607607945001e+18,False
2.csv,1.9,10000.0,3.51065e-10,351.065,1.4334924,8.113811839878664e+18,False
2.csv,2.0,10000.0,3.5151081e-10,351.51081,1.4407669,8.093243911087656e+18,False
2.csv,2.1,10000.0,3.5261274e-10,352.61274,1.4394458,8.042739477233537e+18,False
3.csv,-3.0,10000.0,3.6073319e-12,3.6073319,0.0055732987,7.68471552631827e+22,True
3.csv,-2.9,10000.0,3.6506662e-12,3.6506662,0.0059759244,7.503359420687143e+22,True
3.csv,-2.8,10000.0,3.695331e-12,3.6953310000000004,0.0049247084,7.323072088732815e+22,True
3.csv,-2.7,10000.0,3.7598991e-12,3.7598991,0.0076367998,7.073715994038677e+22,True
3.csv,-2.6,10000.0,3.8001009e-12,3.8001009,0.0091760586,6.9248400058995425e+22,True
3.csv,-2.5,10000.0,3.8622825e-12,3.8622825,0.0045276661,6.703659196682837e+22,True
3.csv,-2.4,10000.0,3.9288157e-12,3.9288157000000004,0.0085390246,6.478533171101523e+22,True
3.csv,-2.3,10000.0,3.9768254e-12,3.9768254,0.010246941,6.3230548918834205e+22,True
3.csv,-2.2,10000.0,4.0342704e-12,4.0342704000000005,0.0068610356,6.144265764994115e+22,True
3.csv,-2.1,10000.0,4.1139402e-12,4.1139402,0.0063344658,5.9085926643478735e+22,True
3.csv,-2.0,10000.0,4.1953052e-12,4.1953052,0.0055190645,5.681629099414025e+22,True
3.csv,-1.9,10000.0,4.2822972e-12,4.2822972,0.0086644831,5.453136767796196e+22,True
3.csv,-1.8,10000.0,4.3481617e-12,4.3481617,0.010470613,5.289183413770878e+22,True
3.csv,-1.7,10000.0,4.4380624e-12,4.4380624,0.0068914084,5.077070471404772e+22,True
3.csv,-1.6,10000.0,4.537619e-12,4.537619,0.0082328914,4.856729823968609e+22,True
3.csv,-1.5,10000.0,4.6410346e-12,4.6410346,0.0069237048,4.642697499406427e+22,True
3.csv,-1.4,10000.0,4.7480054e-12,4.7480054,0.0076868887,4.4358575550718554e+22,True
3.csv,-1.3,10000.0,4.8751724e-12,4.8751724,0.0093279554,4.2074604625233044e+22,True
3.csv,-1.2,10000.0,5.0053708e-12,5.0053708,0.008583499,3.9914205460328675e+22,True
3.csv,-1.1,10000.0,5.1316938e-12,5.1316938,0.010847086,3.797331661504014e+22,True
3.csv,-1.0,10000.0,5.2906222e-12,5.2906222,0.0087210386,3.572617326269854e+22,True
3.csv,-0.9,10000.0,5.4549283e-12,5.454928300000001,0.0095596284,3.360639339206943e+22,True
3.csv,-0.8,10000.0,5.6295663e-12,5.6295663000000005,0.010767635,3.155368775179854e+22,True
3.csv,-0.7,10000.0,5.817685e-12,5.817685,-0.012117552,2.9546061322848444e+22,True
3.csv,-0.6,10000.0,6.0047987e-12,6.004798699999999,0.03583884,2.7733398618032824e+22,True
3.csv,-0.5,10000.0,6.1479616e-12,6.1479615999999995,0.022972516,2.6456823954690984e+22,True
3.csv,-0.4,10000.0,6.6222809e-12,6.6222809,0.012489901,2.280262279274612e+22,True
3.csv,-0.3,10000.0,6.9704131e-12,6.9704131,0.011783317,2.0581781604539912e+22,True
3.csv,-0.2,10000.0,7.3845679e-12,7.3845678999999995,0.013243227,1.8337909443509124e+22,True
3.csv,-0.1,10000.0,7.9092714e-12,7.9092714,0.013196536,1.598553013372206e+22,True
3.csv,0.0,10000.0,8.5012857e-12,8.5012857,0.017071119,1.3836644304177108e+22,True
3.csv,0.1,10000.0,9.296784e-12,9.296783999999999,0.10130975,1.157003089160611e+22,False
3.csv,0.2,10000.0,1.1251222e-11,11.251221999999999,2.6142313,7.899518348221562e+21,False
3.csv,0.3,10000.0,7.460485e-11,74.60485,2.5937564,1.7966599089145286e+20,False
3.csv,0.4,10000.0,1.9402778e-10,194.02778,1.4951976,2.6562697145043485e+19,False
3.csv,0.5,10000.0,2.5232302e-10,252.32302,1.2377503,1.5706747134421811e+19,False
3.csv,0.6,10000.0,2.7900323e-10,279.00323,1.1573857,1.2846402876122032e+19,False
3.csv,0.7,10000.0,2.9359875e-10,293.59875,1.1153157,1.1600897658689126e+19,False
4.csv,-3.0,10000.0,3.8118901e-12,3.8118901,0.0072839557,6.882072728541771e+22,True
4.csv,-2.9,10000.0,3.6791326e-12,3.6791326,0.0054783057,7.387697747582173e+22,True
4.csv,-2.8,10000.0,3.7207083e-12,3.7207082999999996,0.0062739196,7.223517908724622e+22,True
4.csv,-2.7,10000.0,3.7785374e-12,3.7785374000000003,0.0067112953,7.0041034112496365e+22,True
4.csv,-2.6,10000.0,3.8148036e-12,3.8148036,0.0067542213,6.871564579656842e+22,True
4.csv,-2.5,10000.0,3.900505e-12,3.900505,0.0054109575,6.572919631381536e+22,True
4.csv,-2.4,10000.0,3.9569394e-12,3.9569394,0.0070599824,6.3867688976194795e+22,True
4.csv,-2.3,10000.0,4.0246296e-12,4.0246296,0.0074181355,6.173737587891053e+22,True
4.csv,-2.2,10000.0,4.09517e-12,4.09517,0.005851665,5.962880829904735e+22,True
4.csv,-2.1,10000.0,4.1436638e-12,4.1436638,0.0082538769,5.824128889160738e+22,True
4.csv,-2.0,10000.0,4.2195258e-12,4.2195258,0.0051945312,5.616589795955819e+22,True
4.csv,-1.9,10000.0,4.3094504e-12,4.3094504,0.0052989185,5.384634468985107e+22,True
4.csv,-1.8,10000.0,4.394029e-12,4.394029,0.0074290544,5.17933690929526e+22,True
4.csv,-1.7,10000.0,4.4652815e-12,4.465281500000001,0.0085531342,5.015362337142819e+22,True
4.csv,-1.6,10000.0,4.5641581e-12,4.5641581,0.0055716074,4.800413412725491e+22,True
4.csv,-1.5,10000.0,4.6903137e-12,4.6903137,0.0090673444,4.545652363069845e+22,True
4.csv,-1.4,10000.0,4.7761058e-12,4.776105800000001,0.012126087,4.383814033765128e+22,True
4.csv,-1.3,10000.0,4.8931727e-12,4.8931727,0.0075362207,4.1765617991518125e+22,True
4.csv,-1.2,10000.0,5.0903128e-12,5.0903127999999995,0.014582793,3.859322388236533e+22,True
4.csv,-1.1,10000.0,5.2433158e-12,5.2433157999999995,0.0024374181,3.6373740884984517e+22,True
4.csv,-1.0,10000.0,5.3215415e-12,5.3215414999999995,0.010525364,3.53122258359546e+22,True
4.csv,-0.9,10000.0,5.484298e-12,5.484298,-0.0018505649,3.3247416962270403e+22,True
4.csv,-0.8,10000.0,5.6678378e-12,5.6678378,0.0083380275,3.1129000284905963e+22,True
4.csv,-0.7,10000.0,5.8154563e-12,5.8154563,0.0075488262,2.9568711970168016e+22,True
4.csv,-0.6,10000.0,6.1341285e-12,6.1341285,0.011239198,2.657628429950583e+22,True
4.csv,-0.5,10000.0,6.3820504e-12,6.3820504,0.0091689097,2.4551585359336403e+22,True
4.csv,-0.2,10000.0,7.4501491e-12,7.4501491,0.012246591,1.801648528185112e+22,True
4.csv,0.1,10000.0,9.3826805e-12,9.382680500000001,0.35934538,1.1359158097512711e+22,False
4.csv,0.2,10000.0,1.5339034e-11,15.339034,4.1758089,4.250147279393509e+21,False
4.csv,0.4,10000.0,2.0034449e-10,200.34449,1.6894033,2.491409950262586e+19,False
4.csv,0.5,10000.0,2.5607066e-10,256.07066000000003,1.5107492,1.5250369220272706e+19,False
4.csv,0.6,10000.0,2.864256e-10,286.42560000000003,1.5001149,1.218923182671119e+19,False
4.csv,0.7,10000.0,3.0302993e-10,303.02993,1.5921597,1.0890026811229508e+19,False
4.csv,0.8,10000.0,3.1462618e-10,314.62618000000003,1.7241347,1.0102067946566124e+19,False
4.csv,0.9,10000.0,3.2246616e-10,322.46616,1.8675594,9.616824887935095e+18,False
4.csv,1.0,10000.0,3.2848098e-10,328.48098,2.037601,9.267861703788085e+18,False
4.csv,1.1,10000.0,3.3274477e-10,332.74476999999996,2.2237036,9.03186679546371e+18,False
4.csv,1.2,10000.0,3.353964e-10,335.39639999999997,2.3988716,8.88962019780415e+18,False
5.csv,-3.0,10000.0,3.6072734e-12,3.6072734,0.0095612852,7.684964778012674e+22,True
5.csv,-2.9,10000.0,3.6484197e-12,3.6484197,0.0098133458,7.512602593306599e+22,True
5.csv,-2.8,10000.0,3.7110498e-12,3.7110498000000005,0.0093078789,7.261167168196775e+22,True
5.csv,-2.7,10000.0,3.7592425e-12,3.7592425,0.009543781,7.07618724059507e+22,True
5.csv,-2.6,10000.0,3.8111528e-12,3.8111528,0.0096140512,6.884735777392373e+22,True
5.csv,-2.5,10000.0,3.8714757e-12,3.8714757,0.009122922,6.671859999928375e+22,True
5.csv,-2.4,10000.0,3.933473e-12,3.933473,0.010980024,6.4632008628978825e+22,True
5.csv,-2.3,10000.0,4.0161733e-12,4.0161733,0.0056323641,6.199763327201581e+22,True
5.csv,-2.2,10000.0,4.0697229e-12,4.0697229,0.012588763,6.037683179394587e+22,True
5.csv,-2.1,10000.0,4.1222005e-12,4.1222005,0.010454699,5.88493644135947e+22,True
5.csv,-2.0,10000.0,4.2125644e-12,4.2125644,0.006732514,5.635168329574352e+22,True
5.csv,-1.9,10000.0,4.2884247e-12,4.2884247,0.0084250624,5.4375645117459196e+22,True
5.csv,-1.8,10000.0,4.3716138e-12,4.3716138,0.012297363,5.2325865857266225e+22,True
5.csv,-1.7,10000.0,4.4026046e-12,4.4026046,0.013916883,5.159179448918122e+22,True
5.csv,-1.6,10000.0,4.539529e-12,4.539529,0.0062119839,4.852643760212748e+22,True
5.csv,-1.5,10000.0,4.6664587e-12,4.666458700000001,0.0076481047,4.592246025901726e+22,True
5.csv,-1.4,10000.0,4.7604729e-12,4.7604729,0.010594735,4.412653291291234e+22,True
5.csv,-1.3,10000.0,4.8720473e-12,4.8720473,0.012253304,4.212859815570845e+22,True
5.csv,-1.2,10000.0,4.9789717e-12,4.978971700000001,0.01742757,4.033858727408063e+22,True
5.csv,-1.1,10000.0,5.085096e-12,5.085096,0.012637255,3.867245007757542e+22,True
5.csv,-1.0,10000.0,5.2356943e-12,5.2356943000000005,0.0081530212,3.6479715078273203e+22,True
5.csv,-0.9,10000.0,5.4540874e-12,5.454087400000001,0.0073256184,3.3616756920423673e+22,True
5.csv,-0.8,10000.0,5.6623478e-12,5.6623478,0.010022919,3.118939256946729e+22,True
5.csv,-0.7,10000.0,5.8542534e-12,5.8542534,0.0099954185,2.9178097174091556e+22,True
5.csv,-0.6,10000.0,6.0754415e-12,6.0754415,0.010104589,2.7092202504337698e+22,True
5.csv,-0.5,10000.0,6.3275996e-12,6.3275996,0.011741633,2.497595022175099e+22,True
5.csv,-0.4,10000.0,6.6212497e-12,6.6212497,0.012444167,2.2809725952041184e+22,True
5.csv,-0.3,10000.0,6.9728903e-12,6.9728902999999995,0.009522708,2.056716036982713e+22,True
5.csv,0.3,10000.0,7.5760106e-11,75.76010600000001,2.6846392,1.742283616298556e+20,False
5.csv,0.4,10000.0,2.0725524e-10,207.25524000000001,1.5762716,2.328032081833458e+19,False
5.csv,0.5,10000.0,2.7131635e-10,271.31635,1.3539156,1.3584637945694554e+19,False
5.csv,0.6,10000.0,2.993343e-10,299.33430000000004,1.3163873,1.1160586841218093e+19,False
5.csv,0.7,10000.0,3.1695779e-10,316.95779,1.3335699,9.953988619133755e+18,False
5.csv,0.8,10000.0,3.2711041e-10,327.11041,1.37353,9.345687805358508e+18,False
5.csv,0.9,10000.0,3.3388577e-10,333.88577,1.4310177,8.970242416727197e+18,False
5.csv,1.0,10000.0,3.3863844e-10,338.63844,1.4974248,8.720220975998567e+18,False
