File,DeviceRow,GapLabel_um,Area_cm2,Temperature_K,ZeroCurrentOffset_A,Icorr_minus1V_A,Icorr_plus1V_A,J_minus1V_A_cm2,J_plus1V_A_cm2,RectificationRatio_0p5V,RectificationRatio_1V,SymmetryFactor_1V,NearZeroSlope_A_per_V,NearZeroResistance_Ohm,NearZeroLinear_R2,ForwardFitStart_V,ForwardFitEnd_V,ForwardLnI_R2,IdealityFactor_n,SaturationCurrent_A,BarrierHeight_IV_eV,Classification,SchottkyScore,OhmicScore,QualityFlag,PresentationSelection
1_10um.csv,1,10,0.0007068583470577036,300.0,-7.001352538715933e-09,-8.41509647461284e-07,7.319059135253871e-05,-0.0011904926226931692,0.10354350579178188,21.869359774365297,86.9753443390036,86.9753443390036,1.4591729452236876e-06,685319.7239390308,0.9863099514124807,0.14,0.37,0.9997316339838298,4.175225553119354,8.055442325455748e-08,0.6516181741094802,Schottky-like,2.939032131608757,-0.9530862054004559,OK,
1_15um.csv,1,15,0.0007068583470577036,300.0,2.7409833600522606e-10,-1.5872049833600523e-07,2.1899655901663994e-05,-0.00022454357226830377,0.030981675455657085,35.47047304332405,137.97622948047493,137.97622948047493,1.1034327146911614e-07,9062627.803996993,0.9704759988386935,0.18000000000000002,0.35,0.999591091980307,2.971757860144236,5.219639093320482e-09,0.7223622946046109,Schottky-like,3.139382848549656,-1.1693282738330657,OK,
1_20um.csv,1,20,0.0007068583470577036,300.0,7.572381308917752e-09,-9.678640813089177e-07,3.0116707618691084e-05,-0.0013692475802792028,0.042606425663715815,14.053796811713775,31.116670408888325,31.116670408888325,2.549360719958283e-06,392255.20036111784,0.9616762912035681,0.30000000000000004,0.4700000000000001,0.996918996188151,7.369809351509849,6.390069100961396e-07,0.5980791415039582,Schottky-like,2.489660681417688,-0.5313168285919507,OK,
1_25um.csv,1,25,0.0007068583470577036,300.0,1.2182314340578455e-11,-9.516749143405784e-10,3.0045773799343636e-05,-1.3463445940787475e-06,0.04250607483721329,15702.283092027848,31571.467679341473,31571.467679341473,1.0554142722179057e-08,94749524.08010788,0.6918853696581249,0.1,0.35,0.9926497895962201,1.3887911659408367,2.0236261906183992e-10,0.8063844557986753,Schottky-like,5.491944155774103,-3.8074094019782576,Incomplete outside common window,
1_30um.csv,1,30,0.0007068583470577036,300.0,-5.3562318624300945e-11,-6.909328137569907e-11,1.8504213562318625e-05,-9.774699791450395e-08,0.026178107168631982,71232.49211094178,267814.94805118314,267814.94805118314,4.0236244576350975e-09,248532140.74251708,0.6061975609083827,0.1,0.35,0.9884054577022158,1.2935880658052235,8.31211449937274e-11,0.8293865856770551,Schottky-like,6.416237376534929,-4.821637252525522,Restarted sweep,
1_35um.csv,1,35,0.0007068583470577036,300.0,2.4093984925879045e-09,-2.915472398492588e-06,1.4215040601507413e-05,-0.004124549721494039,0.020110168693172385,2.724021701964491,4.875724636891483,4.875724636891483,3.754688123963592e-06,266333.7052197991,0.9967086175078834,0.28,0.45000000000000007,0.9976928982700588,8.679412255995983,4.791335865445413e-07,0.6055228583488095,Nonideal/weakly rectifying,1.6855625721237995,0.30866944723410905,OK,Most Ohmic-like
2_10um.csv,2,10,0.0007068583470577036,300.0,2.42188515920689e-09,-8.846538851592069e-07,3.214570048475352e-05,-0.0012515292333203348,0.04547686338933384,7.743407498210201,36.337036465926346,36.337036465926346,2.327515159796642e-06,429642.7440186346,0.9840892622096757,0.26,0.4900000000000001,0.999811499785326,6.44717837785226,2.460743686858369e-07,0.6227492257656148,Schottky-like,2.5600856636399354,-0.5762602425186023,OK,
2_15um.csv,2,15,0.0007068583470577036,300.0,1.545705183423462e-09,-1.1428490518342346e-07,4.028686429481658e-05,-0.00016168006738427032,0.05699425417059947,123.70602580178607,352.5125582434312,352.5125582434312,4.886357188896412e-07,2046514.3282451092,0.9136336752733232,0.2,0.37,0.9971958258072185,3.173306797752,4.151499234050078e-08,0.6687549063141403,Schottky-like,3.5443320516577437,-1.6335409180503342,OK,
2_20um.csv,2,20,0.0007068583470577036,300.0,8.514599155792085e-10,-1.3826199915579209e-08,7.834441854008442e-05,-1.956007165103268e-05,0.11083467977168678,2009.762358559868,5666.373914629051,5666.373914629051,2.59160536463916e-07,3858612.170064072,0.7019513481442892,0.30000000000000004,0.4700000000000001,0.9904850211125177,4.822651727457188,3.9091361971166146e-07,0.6107835549649983,Schottky-like,4.743779382452988,-3.0513538813592413,OK,
2_25um.csv,2,25,0.0007068583470577036,300.0,-1.7950852960782367e-10,-2.5117814703921766e-09,3.066319950852961e-05,-3.553443884262613e-06,0.04337955353595967,4688.313222862152,12207.749706721906,12207.749706721906,3.867502970014213e-08,25856476.588467237,0.6778905978153393,0.18000000000000002,0.35,0.9876852889297506,2.190225517767478,6.151455205396991e-09,0.7181158344610173,Schottky-like,5.074315051169959,-3.408745018625752,Incomplete outside common window,
2_30um.csv,2,30,0.0007068583470577036,300.0,2.8901599885764934e-11,-1.7273029988576494e-10,1.8397582743767206e-05,-2.4436338709835493e-07,0.026027255418779597,29896.6157684937,106510.45448270763,106510.45448270763,9.140975914203002e-09,109397509.56418417,0.5756178963814313,0.30000000000000004,0.4700000000000001,0.9817747877091378,4.529216008456122,8.418118767627942e-08,0.6504796920902758,Schottky-like,6.0091654545977065,-4.451774341452641,Incomplete outside common window,
2_35um.csv,2,35,0.0007068583470577036,300.0,5.092451702843916e-10,-2.183511517028439e-08,1.0000360754829717e-05,-3.089036899850304e-05,0.014147616416296416,220.38997178812502,457.99441298295966,457.99441298295966,2.2780792649339748e-07,4389662.885716063,0.7761486878649335,0.2,0.37,0.9915099242017684,3.99320857759716,4.342712201913579e-08,0.667590802293247,Schottky-like,3.652319181653463,-1.884711492266729,OK,
3_10um.csv,3,10,0.0007068583470577036,300.0,-1.7915611527346971e-06,-2.8784084726530286e-07,5.61008311527347e-05,-0.0004072114992536196,0.07936644079574683,69.92271333488569,194.90225826436154,194.90225826436154,5.626146984207975e-07,1777415.3480292975,0.9847846433350094,0.18000000000000002,0.35,0.9995303254158131,2.4060455885709233,1.1361917970149422e-08,0.7022536016113762,Schottky-like,3.2574125332984263,-1.3050322278301703,OK,
3_15um.csv,3,15,0.0007068583470577036,300.0,-6.595217001285913e-12,-1.1563440478299871e-07,5.7131116595217e-05,-0.0001635892187795853,0.08082399653767286,291.65262397411385,494.06676760632035,494.06676760632035,6.6379257969249e-07,1506494.695170082,0.8137239030629231,0.30000000000000004,0.4700000000000001,0.9894396079457607,7.075776004793835,1.4165459532487224e-06,0.577499359985528,Schottky-like,3.683225135444796,-1.880061739876128,OK,
3_20um.csv,3,20,0.0007068583470577036,300.0,7.682067587793499e-11,-2.49623075877935e-10,3.935680106473735e-05,-3.531444127624587e-07,0.05567848385544282,54134.600406897385,157664.91509776414,157664.91509776414,6.240488301439145e-09,160243870.62297446,0.6679786691842349,0.1,0.35,0.9888156745675489,1.3222846076046753,1.547939897456789e-10,0.8133119152927912,Schottky-like,6.18654878394059,-4.529756392092258,OK,Best Schottky-like
3_25um.csv,3,25,0.0007068583470577036,300.0,-2.8869532062978356e-10,-2.8639657937021645e-10,2.890762869532063e-05,-4.0516827814560244e-07,0.04089592888822573,16306.00932518427,100935.66326416415,100935.66326416415,1.745744582553644e-08,57282148.25889466,0.6910495279576201,0.1,0.35,0.9950888279216269,1.5284887744091056,4.241524202696963e-10,0.7872531579874731,Schottky-like,5.999123482285605,-4.31299511322761,Incomplete outside common window,
3_30um.csv,3,30,0.0007068583470577036,300.0,7.375826725720796e-10,-3.765690267257208e-08,1.9259562417327428e-05,-5.3273619572179995e-05,0.02724670720448491,243.8786130984363,511.4483945955384,511.4483945955384,3.5629324585619905e-07,2806676.8360902434,0.7973746339693304,0.30000000000000004,0.4700000000000001,0.9896362451034867,6.408455964947205,3.032853977155241e-07,0.6173451116608489,Schottky-like,3.698399767868027,-1.9114271857542264,Incomplete outside common window,
3_35um.csv,3,35,0.0007068583470577036,300.0,9.24417451681443e-11,-6.249438745168145e-09,1.0961704313947215e-05,-8.841147269720193e-06,0.015507639344679575,1190.9896398280905,1754.030203499864,1754.030203499864,4.3162234037508685e-08,23168402.24560628,0.7032158087953432,0.30000000000000004,0.4700000000000001,0.9853582283812293,5.440639523233003,9.784733429260902e-08,0.6465905953500509,Schottky-like,4.2293868626493,-2.540821258627146,OK,
4_10um.csv,4,10,0.0007068583470577036,300.0,1.6370046166599118e-09,-9.861167616659912e-09,3.494012299538334e-05,-1.3950698407547993e-05,0.04943016255070274,851.282263706174,3543.2034373245906,3543.2034373245906,2.6817276415146264e-07,3728939.4512680825,0.7913018957627032,0.2,0.37,0.9941292730767659,3.1095071702201995,3.706883330255455e-08,0.6716833711977015,Schottky-like,4.54347850995741,-2.7580941928309946,OK,
4_15um.csv,4,15,0.0007068583470577036,300.0,7.01773971602522e-11,-1.6239837397160252e-08,5.298799982260284e-05,-2.297467019348154e-05,0.07496268530061968,2068.3729239046584,3262.8405400086385,3262.8405400086385,2.5619506884077743e-07,3903275.7520461474,0.6802393184773352,0.30000000000000004,0.4700000000000001,0.9887257568506884,7.116529561713592,1.357599198075954e-06,0.5785981639981119,Schottky-like,4.502320282122075,-2.8333565311957543,OK,
4_20um.csv,4,20,0.0007068583470577036,300.0,2.221237787741225e-11,-6.585956377877412e-09,2.933065778762212e-05,-9.317222333571417e-06,0.041494392631438705,4171.851966815799,4453.515344581601,4453.515344581601,1.7305640994943115e-08,57784626.42858535,0.704740646002056,0.1,0.35,0.9926556336004002,1.5225586723104199,4.28411298503684e-10,0.7869948748056022,Schottky-like,4.641357829306573,-2.943962307013347,OK,
4_25um.csv,4,25,0.0007068583470577036,300.0,-1.1373953005569512e-10,-1.029683469944305e-09,2.9930263739530056e-05,-1.4567041249924546e-06,0.04234266153058065,10135.444743820259,29067.4412216688,29067.4412216688,2.029314151557884e-08,49277732.539947554,0.6629237431336383,0.16000000000000003,0.35,0.9903863623345026,1.8230891775798777,1.606922663263171e-09,0.7528187242620232,Schottky-like,5.453789365119116,-3.8004830598022545,Incomplete outside common window,
4_30um.csv,4,30,0.0007068583470577036,300.0,8.069097644873066e-10,-2.996349976448731e-08,1.5562833090235514e-05,-4.2389680887564406e-05,0.02201690502066754,289.85251229592836,519.3930352782273,519.3930352782273,2.518110664959212e-07,3971231.343862315,0.7374392039039543,0.30000000000000004,0.4700000000000001,0.9918584917657185,6.793138085344923,3.1512586096274586e-07,0.6163550356821335,Schottky-like,3.707302764978674,-1.978056917822688,Incomplete outside common window,
4_35um.csv,4,35,0.0007068583470577036,300.0,1.247357e-10,-1.6269875e-10,1.0444151452016108e-05,-2.3017164708775557e-07,0.014775451822122306,21854.719989778274,64193.18803627015,64193.18803627015,5.976639909857197e-09,167318094.29420578,0.6097415518975174,0.28,0.45000000000000007,0.9796651474310064,4.365271545527656,4.6184035860832894e-08,0.6659996112669049,Nonideal/weakly rectifying,5.787142148970385,-4.197747392756681,OK,
5_10um.csv,5,10,0.0007068583470577036,300.0,7.63612938049471e-10,-2.0153171293804946e-07,5.2829851292148975e-05,-0.0002851090515899328,0.0747389508973801,78.2185502102169,262.14162784588046,262.14162784588046,3.72489346833459e-07,2684640.536705343,0.9634067801182592,0.14,0.37,0.9995609380669316,2.6379835708153188,1.5757367682770896e-08,0.6937989426397292,Schottky-like,3.4180824758540527,-1.4551292118632118,OK,
5_15um.csv,5,15,0.0007068583470577036,300.0,1.0802941246694838e-10,-4.897688412466948e-09,2.0222971970587536e-05,-6.92881173838233e-06,0.028609652916692027,418.66644633950045,4129.085043285001,4129.085043285001,2.766187170061501e-08,36150843.68921308,0.8918560099842985,0.14,0.37,0.999057637327586,2.5501402059299503,1.329276442732811e-09,0.7577224917218263,Schottky-like,4.614906123176113,-2.7239978177799773,OK,
5_20um.csv,5,20,0.0007068583470577036,300.0,1.9983707127502663e-11,-2.4627620712750264e-10,3.0162653356556144e-05,-3.484095620468045e-07,0.04267142558634007,51102.4742854888,122474.89803568508,122474.89803568508,4.351489869086042e-09,229806349.10912323,0.6660371693042938,0.1,0.35,0.989700985266993,1.2922642880164277,1.0401450300058911e-10,0.8235897602395016,Schottky-like,6.077747409299834,-4.422009917260019,OK,
5_25um.csv,5,25,0.0007068583470577036,300.0,-1.174996418463076e-12,-3.027771003581537e-09,2.883429670993223e-05,-4.283419749069424e-06,0.04079218535079189,3445.359093661924,9523.275266136134,9523.275266136134,6.797616559988312e-08,14711038.658551807,0.7062148025913422,0.18000000000000002,0.35,0.993990039316565,2.2486059374036738,5.946174708490535e-09,0.7189932659640119,Schottky-like,4.972776336171562,-3.272571535013614,Incomplete outside common window,
5_30um.csv,5,30,0.0007068583470577036,300.0,7.567226453109311e-10,-8.408096645310932e-09,2.457215327735469e-05,-1.1895023494183264e-05,0.034762485835579685,1119.1877702700747,2922.439443064467,2922.439443064467,2.4439020285397997e-07,4091817.0545383412,0.6917947049381616,0.28,0.45000000000000007,0.9928508308925476,4.874272646635566,1.5407622236515606e-07,0.6348527797436968,Schottky-like,4.458565555701461,-2.773950815814305,Incomplete outside common window,
5_35um.csv,5,35,0.0007068583470577036,300.0,4.3386235984839876e-11,-7.354865598483987e-11,9.754189613764016e-06,-1.0405006362446732e-07,0.013799355492321495,189763.56753083668,132622.2686621845,132622.2686621845,3.1434071428381626e-09,318126146.10817045,0.5965121298547607,0.1,0.35,0.9780201134466167,1.3711059095801057,9.246782079995862e-11,0.8266317557630681,Nonideal/weakly rectifying,6.1006321182525225,-4.526104322910197,OK,
