"Row","Bias_V","Length_um","RunCount","TotalSamples","MeanResistance_Ohm","MeanWithinRunSD_Ohm","BetweenRunSD_Ohm"
"1strow","0.01","10","1","704","78.58750769228384","0.028225022383497486","0"
"1strow","0.01","15","1","125","77.7596523558234","0.021133696441536783","0"
"1strow","0.01","20","1","108","80.18929527235163","0.02209891487496694","0"
"1strow","0.01","25","1","107","79.2713094254966","0.02026516575572368","0"
"1strow","0.01","30","1","106","79.40340057414903","0.022939789034868346","0"
"1strow","0.01","35","1","107","80.51475131997222","0.02901533376437901","0"
"1strow","0.01","40","1","104","80.87094326781981","0.022196523866839162","0"
"1strow","0.01","45","1","104","81.27753599114655","0.024739934691356356","0"
"1strow","0.01","50","1","104","81.67499320698488","0.023695172429705237","0"
"2ndrow","0.01","10","1","104","77.55794492853211","0.026419681478156643","0"
"2ndrow","0.01","15","1","108","78.42033924511787","0.02760324421728882","0"
"2ndrow","0.01","20","1","111","80.92494067609198","0.0444399423841383","0"
"2ndrow","0.01","25","1","114","79.1246162177548","0.024805712213839818","0"
"2ndrow","0.01","30","1","117","82.19921309560625","0.02382819111527718","0"
"2ndrow","0.01","35","1","116","82.31974306450748","0.02488636117273574","0"
"2ndrow","0.01","40","1","114","81.64028177346482","0.024603411693659333","0"
"2ndrow","0.01","45","1","116","82.76437623920546","0.025141729364384267","0"
"2ndrow","0.01","50","1","117","83.64141667035685","0.026355589660080597","0"
"3rdrow","0.01","10","1","117","78.58865427367697","0.02493627155758753","0"
"3rdrow","0.01","15","1","115","79.14992370425557","0.023151126827417233","0"
"3rdrow","0.01","20","1","124","81.05911414678359","0.029509310196705888","0"
"3rdrow","0.01","25","1","116","81.34741262782445","0.025336180902947175","0"
"3rdrow","0.01","30","1","116","81.84314935134756","0.024144569902694965","0"
"3rdrow","0.01","35","1","115","82.75736267677483","0.022346837854112213","0"
"3rdrow","0.01","40","1","114","82.81569516615504","0.026115715150928642","0"
"3rdrow","0.01","45","1","114","83.08974611601693","0.023654363126411847","0"
"3rdrow","0.01","50","1","115","86.35581785597894","0.02909518572659932","0"
"3rdrow","0.05","10","1","118","75.5016058593836","0.006061546062166376","0"
"3rdrow","0.05","15","1","115","76.15922075698059","0.005624439603331891","0"
"3rdrow","0.05","20","1","115","77.95896508156578","0.00819671350404269","0"
"3rdrow","0.05","25","1","116","78.34993282516126","0.0068101858974107185","0"
"3rdrow","0.05","30","1","115","78.83079338460918","0.006785916996631796","0"
"3rdrow","0.05","35","1","118","79.60182739873962","0.00825241140967334","0"
"3rdrow","0.05","40","1","117","80.00688516188575","0.013165796538289727","0"
"3rdrow","0.05","45","1","117","81.26248857271472","0.010396855710125648","0"
"3rdrow","0.05","50","1","115","83.61829967249125","0.011237571040459431","0"
"3rdrow","0.1","10","1","113","71.85176558811443","0.00591297336576817","0"
"3rdrow","0.1","15","1","116","72.32574471478998","0.006447271816397339","0"
"3rdrow","0.1","20","1","116","74.0657816813938","0.006381564112365533","0"
"3rdrow","0.1","25","1","198","74.6350704580566","0.0058205372172772055","0"
"3rdrow","0.1","30","1","115","75.17708020732384","0.006827366032125343","0"
"3rdrow","0.1","35","1","123","76.26659982748073","0.029565386682991576","0"
"3rdrow","0.1","40","1","129","76.3757057162393","0.0075694891906174875","0"
"3rdrow","0.1","45","1","115","77.3822257241444","0.010049860392546938","0"
"3rdrow","0.1","50","1","117","79.72375809703662","0.008843619596192539","0"
"4throw","0.01","10","1","119","80.68396024853998","0.028955877885248924","0"
"4throw","0.01","15","1","115","80.6348355919618","0.024735857124600233","0"
"4throw","0.01","20","1","110","80.24629620460429","0.07170933496674534","0"
"4throw","0.01","25","1","116","82.6028595076695","0.028742200416069355","0"
"4throw","0.01","30","1","115","83.24233100059207","0.0288107864160824","0"
"4throw","0.01","35","1","166","82.50194206301137","0.031119502360420624","0"
"4throw","0.01","40","1","114","83.99553752126906","0.03079825319722311","0"
"4throw","0.01","45","1","137","82.80224859169154","0.027668447214857006","0"
"4throw","0.01","50","1","122","84.90275019667455","0.027059202795637793","0"
"5throw","0.01","10","2","244","78.65750090424095","0.024490824307111143","0.6424301756152893"
"5throw","0.01","15","1","114","80.60701248219853","0.02650569414782149","0"
"5throw","0.01","20","1","124","81.9250058170637","0.03122392091198996","0"
"5throw","0.01","25","1","113","83.78281092823923","0.026745015526768057","0"
"5throw","0.01","30","1","122","84.70332471786492","0.02907096680035916","0"
"5throw","0.01","35","1","116","83.45004620980909","0.028429776651602852","0"
"5throw","0.01","40","1","113","84.28445220440004","0.030781250804293274","0"
"5throw","0.01","45","1","111","84.00983890467413","0.033595347955723893","0"
"5throw","0.01","50","1","116","89.31906748314863","0.03566929683564427","0"
