"File","Reason"
"1strow_10um_ver2.csv","User decision: use original 1strow files only"
"1strow_15um_ver2.csv","User decision: use original 1strow files only"
"1strow_20um_ver2.csv","User decision: use original 1strow files only"
"1strow_25um_ver2.csv","User decision: use original 1strow files only"
"1strow_30um_ver2.csv","User decision: use original 1strow files only"
"1strow_35um_ver2.csv","User decision: use original 1strow files only"
"1strow_40um_ver2.csv","User decision: use original 1strow files only"
"1strow_45um_ver2.csv","User decision: use original 1strow files only"
"1strow_50um_ver2.csv","User decision: use original 1strow files only"
