"File","Row","Bias_V","Length_um","Replicate","N","MeanCurrent_A","MeanVoltage_V","MeanResistance_Ohm","MedianResistance_Ohm","SDResistance_Ohm","SEMResistance_Ohm","CV_percent","First10Mean_Ohm","Last10Mean_Ohm","Drift_Ohm","MeanAbsStoredVsVI_Ohm"
"1strow_10um.csv","1strow","0.01","10","1","704","0.00012725012002840904","0.010000268515625054","78.58750769228384","78.5894179537388","0.028225022383497486","0.0010637705561982252","0.03591540591160493","78.55431413722813","78.60697568107182","0.05266154384368349","2.5736988298128628E-14"
"1strow_15um.csv","1strow","0.01","15","1","125","0.00012860569199999998","0.010000333192000005","77.7596523558234","77.7609919907693","0.021133696441536783","0.0018902552743648663","0.02717822907030279","77.75987946176576","77.76553880628296","0.005659344517198406","2.34194885706529E-14"
"1strow_20um.csv","1strow","0.01","20","1","108","0.00012470822870370372","0.010000264203703703","80.18929527235163","80.1914740216971","0.02209891487496694","0.002126469075310131","0.02755843507529414","80.18448080936449","80.19605917266905","0.011578363304565187","2.618481563264073E-14"
"1strow_25um.csv","1strow","0.01","25","1","107","0.00012615267196261685","0.010000286850467291","79.2713094254966","79.2729134826972","0.02026516575572368","0.001959107519261672","0.025564313119830526","79.27646863666413","79.27571044238374","-0.0007581942803938091","2.3906110735853838E-14"
"1strow_30um.csv","1strow","0.01","30","1","106","0.00012594231037735848","0.010000246896226413","79.40340057414903","79.40241553992465","0.022939789034868346","0.0022281092775025815","0.028890184638183797","79.39033668665022","79.41604292123762","0.025706234587403287","2.587448075503761E-14"
"1strow_35um.csv","1strow","0.01","35","1","107","0.0001242041130841122","0.010000262009345793","80.51475131997222","80.5146561551987","0.02901533376437901","0.002805018189186386","0.03603728917831429","80.51218326167282","80.53457130768797","0.022388046015151986","2.4570169367405335E-14"
"1strow_40um.csv","1strow","0.01","40","1","104","0.00012365681250000007","0.010000242317307692","80.87094326781981","80.86962850355434","0.022196523866839162","0.002176548237133478","0.027446846753513273","80.87430356828914","80.88247617464121","0.008172606352076173","2.5415567086803585E-14"
"1strow_45um.csv","1strow","0.01","45","1","104","0.0001230379798076923","0.010000222932692308","81.27753599114655","81.2767285476737","0.024739934691356356","0.0024259501876199453","0.030438834531168912","81.27738761927053","81.27429525917537","-0.0030923600951524577","2.418578158260341E-14"
"1strow_50um.csv","1strow","0.01","50","1","104","0.00012243899903846155","0.010000203596153846","81.67499320698488","81.67240969538675","0.023695172429705237","0.0023235028191733224","0.029011538904760898","81.66314111603722","81.69546298120667","0.03232186516945035","2.445906725020345E-14"
"2ndrow_10um.csv","2ndrow","0.01","10","1","104","0.00012893882980769233","0.010000229519230769","77.55794492853211","77.55587136451959","0.026419681478156643","0.0025906629115389733","0.03406444240174464","77.57475120981235","77.55926971304731","-0.015481496765033853","2.445906725020345E-14"
"2ndrow_15um.csv","2ndrow","0.01","15","1","108","0.00012752116666666662","0.010000251944444446","78.42033924511787","78.42328896242506","0.02760324421728882","0.002656123413226447","0.03519908799553846","78.42969848012487","78.4326455421349","0.002947062010036916","2.5395323704018395E-14"
"2ndrow_20um.csv","2ndrow","0.01","20","1","111","0.00012357445585585585","0.01000025252252253","80.92494067609198","80.9283529183257","0.0444399423841383","0.004218052664468524","0.054915013854643945","80.91579504331119","80.92827329784865","0.012478254537455769","2.5349092194684655E-14"
"2ndrow_25um.csv","2ndrow","0.01","25","1","114","0.00012638590701754385","0.010000235438596497","79.1246162177548","79.12473430264795","0.024805712213839818","0.0023232678105661103","0.03135018329260933","79.11986497681937","79.13743310146212","0.01756812464275015","2.6427203505463375E-14"
"2ndrow_30um.csv","2ndrow","0.01","30","1","117","0.0001216589692307692","0.010000270700854703","82.19921309560625","82.2005296737295","0.02382819111527718","0.0022029170478894185","0.028988344556975878","82.21509704140634","82.20925179204829","-0.00584524935804609","2.417059904551452E-14"
"2ndrow_35um.csv","2ndrow","0.01","35","1","116","0.00012148095517241373","0.010000280137931038","82.31974306450748","82.32220466419679","0.02488636117273574","0.0023106406269837085","0.0302313397081843","82.31272275550864","82.31741639872007","0.004693643211425069","2.6706606275121008E-14"
"2ndrow_40um.csv","2ndrow","0.01","40","1","114","0.00012249223596491227","0.01000029978070176","81.64028177346482","81.63800268492736","0.024603411693659333","0.0023043206308784466","0.030136363029624025","81.65557488509013","81.64262663400282","-0.012948251087308904","2.268750489619969E-14"
"2ndrow_45um.csv","2ndrow","0.01","45","1","116","0.00012082964482758615","0.010000389284482759","82.76437623920546","82.76237618017811","0.025141729364384267","0.002334350968337626","0.03037747700981843","82.77361254185291","82.76287375440765","-0.010738787445262687","2.5236517856307008E-14"
"2ndrow_50um.csv","2ndrow","0.01","50","1","117","0.00011956233504273504","0.010000362111111114","83.64141667035685","83.6445451846152","0.026355589660080597","0.0024365751260130544","0.031510214328329546","83.64223571075149","83.66775455172781","0.025518840976317847","2.3927678452092263E-14"
"3rdrow_0.01V_10um.csv","3rdrow","0.01","10","1","117","0.00012724908205128202","0.01000033313675214","78.58865427367697","78.5885252059173","0.02493627155758753","0.0023053591210199006","0.031730116500976735","78.59827172523023","78.5823478072505","-0.015923917979733915","2.562812260604806E-14"
"3rdrow_0.01V_15um.csv","3rdrow","0.01","15","1","115","0.00012634662","0.01000032447826087","79.14992370425557","79.149126118618","0.023151126827417233","0.002158853708274789","0.029249714647763443","79.14343949360543","79.15354503801821","0.010105544412780887","2.6568119684942878E-14"
"3rdrow_0.01V_20um.csv","3rdrow","0.01","20","1","124","0.00012337027096774193","0.010000283588709682","81.05911414678359","81.06182438432675","0.029509310196705888","0.0026500142852405747","0.036404678865932086","81.06538250916424","81.07524111318803","0.009858604023790463","2.4066770082196942E-14"
"3rdrow_0.01V_25um.csv","3rdrow","0.01","25","1","116","0.00012293257155172416","0.010000245672413798","81.34741262782445","81.3493225586518","0.025336180902947175","0.0023524053404438694","0.03114565059231038","81.3565630375759","81.35429452968054","-0.0022685078953514903","2.5604039961010507E-14"
"3rdrow_0.01V_30um.csv","3rdrow","0.01","30","1","116","0.0001221875284482759","0.010000211267241384","81.84314935134756","81.84292066862275","0.024144569902694965","0.002241767036610205","0.029501027384764757","81.84472176870952","81.84852527969989","0.0038035109903660214","2.6339084170417507E-14"
"3rdrow_0.01V_35um.csv","3rdrow","0.01","35","1","115","0.00012083833043478263","0.01000026083478261","82.75736267677483","82.7579187093058","0.022346837854112213","0.0020838533747926293","0.027002839543585008","82.75502999613292","82.76853628846456","0.013506292331641134","2.6691692334640286E-14"
"3rdrow_0.01V_40um.csv","3rdrow","0.01","40","1","114","0.00012075425438596489","0.010000346552631583","82.81569516615504","82.81247631706171","0.026115715150928642","0.0024459608269668844","0.03153474120881564","82.81548404919789","82.83068869643546","0.015204647237567315","2.555460716330185E-14"
"3rdrow_0.01V_45um.csv","3rdrow","0.01","45","1","114","0.00012035520263157894","0.010000282447368423","83.08974611601693","83.08973627036946","0.023654363126411847","0.0022154340886198537","0.028468450358945168","83.07478397801687","83.1094718989919","0.03468792097503126","2.4682010821140323E-14"
"3rdrow_0.01V_50um.csv","3rdrow","0.01","50","1","115","0.00011580232260869564","0.010000203165217396","86.35581785597894","86.3536159200475","0.02909518572659932","0.0027131400586698816","0.03369221257926502","86.33397788284785","86.3869533424012","0.05297545955335181","2.6691692334640286E-14"
"3rdrow_0.05V_10um.csv","3rdrow","0.05","10","1","118","0.0006622308991525423","0.04999949601694911","75.5016058593836","75.50176151179885","0.006061546062166376","0.0005580105450051899","0.008028367070040307","75.49438299934774","75.50712276881043","0.012739769462697836","2.4567918321196685E-14"
"3rdrow_0.05V_15um.csv","3rdrow","0.05","15","1","115","0.0006565134217391303","0.04999955034782606","76.15922075698059","76.1589415069701","0.005624439603331891","0.0005244816973764231","0.007385106553649142","76.15493125908226","76.16933743042631","0.014406171344049312","2.434381199038952E-14"
"3rdrow_0.05V_20um.csv","3rdrow","0.05","20","1","115","0.0006413563382608696","0.0499994758260869","77.95896508156578","77.9590355806338","0.00819671350404269","0.0007643474754288121","0.010514138425858723","77.94499156537718","77.96866277330471","0.023671207927534965","2.619740173585065E-14"
"3rdrow_0.05V_25um.csv","3rdrow","0.05","25","1","116","0.0006381570137931036","0.04999955879310343","78.34993282516126","78.34915234532144","0.0068101858974107185","0.0006323098866341364","0.008692012426619081","78.34403213073833","78.35782817463365","0.013796043895325738","2.4991503119838006E-14"
"3rdrow_0.05V_30um.csv","3rdrow","0.05","30","1","115","0.0006342638426086954","0.04999952156521737","78.83079338460918","78.8307962415737","0.006785916996631796","0.0006327900227678819","0.008608205886656305","78.81901897759465","78.83766131598826","0.01864233839360452","2.6691692334640286E-14"
"3rdrow_0.05V_35um.csv","3rdrow","0.05","35","1","118","0.0006281202355932205","0.04999951805084743","79.60182739873962","79.60214814791681","0.00825241140967334","0.0007596960480199799","0.01036711301655872","79.58719287739238","79.61146735654934","0.024274479156957796","2.5531366098498517E-14"
"3rdrow_0.05V_40um.csv","3rdrow","0.05","40","1","117","0.000624941454700855","0.04999961786324784","80.00688516188575","80.0107920369362","0.013165796538289727","0.0012171783205417923","0.01645582940974403","79.98525088340531","80.01697657545667","0.031725692051352894","2.4656440232359033E-14"
"3rdrow_0.05V_45um.csv","3rdrow","0.05","45","1","117","0.0006152843017094017","0.04999953273504272","81.26248857271472","81.2628018131829","0.010396855710125648","0.0009611896504220151","0.012794163571328988","81.24827094396299","81.27704103883481","0.02877009487181681","2.611396379289257E-14"
"3rdrow_0.05V_50um.csv","3rdrow","0.05","50","1","115","0.0005979490399999999","0.04999948113043478","83.61829967249125","83.6186477399925","0.011237571040459431","0.0010479089028170526","0.013439128856331395","83.59917017601342","83.63115662057193","0.03198644455851252","2.54559658376662E-14"
"3rdrow_0.1V_10um.csv","3rdrow","0.1","10","1","113","0.0013917587876106196","0.10000032548672555","71.85176558811443","71.8527587966057","0.00591297336576817","0.0005562457439374515","0.008229405801471749","71.839133441097","71.85859771003994","0.019464268942940066","2.3517078157015704E-14"
"3rdrow_0.1V_15um.csv","3rdrow","0.1","15","1","116","0.0013826374827586212","0.10000028482758609","72.32574471478998","72.3265566199882","0.006447271816397339","0.0005986141601326397","0.008914214214898956","72.31394819049572","72.33443188386101","0.020483693365292766","2.4501473646900005E-14"
"3rdrow_0.1V_20um.csv","3rdrow","0.1","20","1","116","0.001350155129310345","0.10000029431034471","74.0657816813938","74.06647816805535","0.006381564112365533","0.0005925133529721278","0.008616076098159451","74.05335406203976","74.07470833155146","0.02135426951170416","2.4501473646900005E-14"
"3rdrow_0.1V_25um.csv","3rdrow","0.1","25","1","198","0.001339857242424243","0.10000033909090911","74.6350704580566","74.63562193291446","0.0058205372172772055","0.00041364756809933055","0.0077986624539307286","74.6220125655019","74.64122294400563","0.019210378503728975","2.5120197728892432E-14"
"3rdrow_0.1V_30um.csv","3rdrow","0.1","30","1","115","0.0013301981913043481","0.10000041530434778","75.17708020732384","75.1773428196832","0.006827366032125343","0.0006366551652573475","0.009081712156546634","75.17825013464127","75.1829479422409","0.004697807599626458","2.4838102589179153E-14"
"3rdrow_0.1V_35um.csv","3rdrow","0.1","35","1","123","0.0013111945609756098","0.10000033593495926","76.26659982748073","76.2722464850287","0.029565386682991576","0.002665821140925438","0.038765838191121824","76.20092115184542","76.27781789849828","0.07689674665286361","2.3107080837726835E-14"
"3rdrow_0.1V_40um.csv","3rdrow","0.1","40","1","129","0.0013093211705426354","0.10000032744186035","76.3757057162393","76.3762189607977","0.0075694891906174875","0.0006664563618301179","0.009910859899272963","76.36165561995612","76.38443344232296","0.02277782236683379","2.4676212838800378E-14"
"3rdrow_0.1V_45um.csv","3rdrow","0.1","45","1","115","0.0012922912086956518","0.10000036834782604","77.3822257241444","77.3824235638059","0.010049860392546938","0.0009371543138193908","0.012987298179265517","77.36818792230532","77.39419577367961","0.026007851374288293","2.4096666690994702E-14"
"3rdrow_0.1V_50um.csv","3rdrow","0.1","50","1","117","0.0012543353162393163","0.10000032410256392","79.72375809703662","79.7234402155715","0.008843619596192539","0.0008175929208915471","0.011092828295209608","79.70740957360428","79.73631603964111","0.02890646603682967","2.611396379289257E-14"
"4throw_10um.csv","4throw","0.01","10","1","119","0.00012394351260504207","0.010000252184873956","80.68396024853998","80.6837444099046","0.028955877885248924","0.002654380973754011","0.03588802259588256","80.64801473503096","80.70397246110377","0.055957726072819014","2.698868206416515E-14"
"4throw_15um.csv","4throw","0.01","15","1","115","0.00012401955739130434","0.010000295704347831","80.6348355919618","80.6342393280797","0.024735857124600233","0.002306630570463514","0.03067639059844014","80.64794954868592","80.63424596497266","-0.013703583713251533","2.805099148131178E-14"
"4throw_20um.csv","4throw","0.01","20","1","110","0.0001246197063636364","0.010000261909090914","80.24629620460429","80.24040832959446","0.07170933496674534","0.00683721681904725","0.0893615510725975","80.31707380507987","80.24435841748867","-0.07271538759120233","2.674224478224377E-14"
"4throw_25um.csv","4throw","0.01","25","1","116","0.00012106514655172409","0.010000326086206901","82.6028595076695","82.60046320660979","0.028742200416069355","0.0026686463131073","0.03479564822256631","82.5913261135027","82.62681937673007","0.0354932632273659","2.5359025224541508E-14"
"4throw_30um.csv","4throw","0.01","30","1","115","0.00012013454434782604","0.01000027830434783","83.24233100059207","83.2481218906301","0.0288107864160824","0.0026866196862181555","0.034610739595792285","83.23854947902426","83.2594941338684","0.02094465484414343","2.6938837634035102E-14"
"4throw_35um.csv","4throw","0.01","35","1","166","0.00012121284518072291","0.010000293740963872","82.50194206301137","82.5055319102953","0.031119502360420624","0.0024153418116759934","0.03771972099354087","82.47945363110347","82.51858986547863","0.03913623437516378","2.354207859446115E-14"
"4throw_40um.csv","4throw","0.01","40","1","114","0.00011905725087719292","0.01000027643859649","83.99553752126906","83.998417443085","0.03079825319722311","0.0028845206966019708","0.03666653503994124","83.97313212100407","84.00990045718909","0.036768336185019734","2.4058727719596374E-14"
"4throw_45um.csv","4throw","0.01","45","1","137","0.00012077288248175186","0.010000265153284685","82.80224859169154","82.8027464479092","0.027668447214857006","0.002363874975514507","0.03341509160130862","82.80267381019355","82.81777434125294","0.0151005310593888","2.5724758900511657E-14"
"4throw_50um.csv","4throw","0.01","50","1","122","0.00011778389918032783","0.010000176000000006","84.90275019667455","84.90419254407915","0.027059202795637793","0.0024498251124188707","0.0318708201241491","84.90110676740369","84.92064448154063","0.019537714136944828","2.481075454375432E-14"
"5throw_10um_1.csv","5throw","0.01","10","1","130","0.00012787545538461538","0.010000273115384626","78.20323417062451","78.20507847301725","0.025933560212780427","0.0022745236953800783","0.03316174898367803","78.21409568450308","78.21672307087476","0.0026273863716852475","2.426776728288342E-14"
"5throw_10um_2.csv","5throw","0.01","10","2","114","0.00012640754473684213","0.010000323473684215","79.11176763785738","79.1124618473705","0.023048088401441857","0.002158651258087105","0.029133577835028235","79.10605345274732","79.10732332823596","0.0012698754886457664","2.3934071099287584E-14"
"5throw_15um.csv","5throw","0.01","15","1","114","0.00012406234473684213","0.010000293885964918","80.60701248219853","80.60502342565765","0.02650569414782149","0.0024824857064973545","0.032882615707504455","80.59980087587302","80.61028820108817","0.010487325215152055","2.4308040960213954E-14"
"5throw_20um.csv","5throw","0.01","20","1","124","0.00012206678870967742","0.010000320959677426","81.9250058170637","81.9273897155434","0.03122392091198996","0.002803990872929045","0.03811280890441695","81.93937184284174","81.93659017511388","-0.0027816677278593716","2.4868995751603507E-14"
"5throw_25um.csv","5throw","0.01","25","1","113","0.0001193602849557522","0.010000339194690268","83.78281092823923","83.7805595256247","0.026745015526768057","0.0025159594231274037","0.03192184080535973","83.76724437024768","83.7857224067001","0.01847803645242152","2.5780754129348767E-14"
"5throw_30um.csv","5throw","0.01","30","1","122","0.00011806269508196725","0.010000301647540987","84.70332471786492","84.7010821268735","0.02907096680035916","0.0026319616674478044","0.034320927658023505","84.69133651817756","84.73700458179161","0.04566806361404474","2.3762412802468925E-14"
"5throw_35um.csv","5throw","0.01","35","1","116","0.00011983492155172415","0.010000228586206904","83.45004620980909","83.4528387776084","0.028429776651602852","0.0026396384948087223","0.034068017865592375","83.44501559050677","83.46015319214027","0.015137601633497866","2.6216576802183007E-14"
"5throw_40um.csv","5throw","0.01","40","1","113","0.00011864883539823008","0.010000250787610626","84.28445220440004","84.2861850922191","0.030781250804293274","0.002895656498654807","0.036520674927856205","84.27880748334331","84.30125044378818","0.022442960444863047","2.7289871444237478E-14"
"5throw_45um.csv","5throw","0.01","45","1","111","0.00011903712702702705","0.010000288315315317","84.00983890467413","84.0137406003826","0.033595347955723893","0.003188729313226271","0.039989777856668074","83.99062926999996","84.01478945469056","0.024160184690600772","2.1892397804500385E-14"
"5throw_50um.csv","5throw","0.01","50","1","116","0.00011196178620689659","0.010000320767241385","89.31906748314863","89.32227876680285","0.03566929683564427","0.0033118110692163046","0.0399346946186757","89.29183179036836","89.34529223341005","0.05346044304168629","2.4501473646900005E-14"
