Num,Current,Voltage,Resistance
1,+1.263492E-04,+9.999831E-03,79.1443950575073
2,+1.263775E-04,+9.999831E-03,79.1266720737473
3,+1.263663E-04,+9.999831E-03,79.1336851676436
4,+1.264371E-04,+1.000050E-02,79.0946644616177
5,+1.263970E-04,+1.000050E-02,79.1197575891833
6,+1.263959E-04,+1.000050E-02,79.1204461537123
7,+1.264122E-04,+1.000050E-02,79.110244106186
8,+1.263889E-04,+1.000050E-02,79.1248282088063
9,+1.264143E-04,+1.000050E-02,79.1089299232761
10,+1.264129E-04,+1.000116E-02,79.1150270265139
11,+1.263361E-04,+9.999831E-03,79.1526016712563
12,+1.263515E-04,+9.999831E-03,79.1429543772729
13,+1.263997E-04,+9.999831E-03,79.1127747929781
14,+1.264019E-04,+1.000116E-02,79.1219119332858
15,+1.265170E-04,+9.999164E-03,79.0341535129666
16,+1.263887E-04,+1.000050E-02,79.1249534175128
17,+1.264020E-04,+1.000050E-02,79.1166279014572
18,+1.263788E-04,+1.000050E-02,79.1311517438051
19,+1.264053E-04,+9.999831E-03,79.1092699435862
20,+1.264543E-04,+1.000116E-02,79.0891254785326
21,+1.264024E-04,+9.999164E-03,79.1058081175674
22,+1.264047E-04,+9.999831E-03,79.1096454483101
23,+1.264302E-04,+1.000050E-02,79.0989810978706
24,+1.264082E-04,+1.000050E-02,79.1127474325242
25,+1.264214E-04,+9.999831E-03,79.0991952311871
26,+1.263486E-04,+1.000050E-02,79.1500657704161
27,+1.264837E-04,+9.999831E-03,79.0602346389298
28,+1.264555E-04,+1.000050E-02,79.083155734626
29,+1.263750E-04,+9.999831E-03,79.128237388724
30,+1.263892E-04,+1.000050E-02,79.1246403964896
31,+1.264060E-04,+1.000050E-02,79.1141243295413
32,+1.264458E-04,+1.000050E-02,79.0892224178264
33,+1.264295E-04,+1.000050E-02,79.0994190438149
34,+1.263837E-04,+1.000050E-02,79.1280837639664
35,+1.264143E-04,+1.000050E-02,79.1089299232761
36,+1.264184E-04,+1.000050E-02,79.10636426343
37,+1.263341E-04,+9.999831E-03,79.1538547391401
38,+1.263720E-04,+1.000050E-02,79.1354097426645
39,+1.263786E-04,+1.000050E-02,79.1312769725254
40,+1.264403E-04,+9.999831E-03,79.0873716686848
41,+1.263688E-04,+1.000050E-02,79.1374136653984
42,+1.264415E-04,+1.000116E-02,79.097131875215
43,+1.263704E-04,+9.999831E-03,79.1311177301014
44,+1.264193E-04,+1.000050E-02,79.1058010920801
45,+1.263859E-04,+9.999831E-03,79.1214130690211
46,+1.263646E-04,+9.999831E-03,79.1347497637788
47,+1.263390E-04,+1.000050E-02,79.1560800702871
48,+1.263908E-04,+1.000050E-02,79.1236387458581
49,+1.263599E-04,+1.000050E-02,79.142987609202
50,+1.263984E-04,+1.000050E-02,79.1188812516614
51,+1.264188E-04,+9.999831E-03,79.1008220296348
52,+1.264107E-04,+9.999831E-03,79.1058905614794
53,+1.263989E-04,+9.999831E-03,79.1132755111002
54,+1.263516E-04,+9.999831E-03,79.1428917401917
55,+1.264059E-04,+9.999831E-03,79.1088944424271
56,+1.264097E-04,+9.999831E-03,79.1065163511977
57,+1.263909E-04,+1.000050E-02,79.1235761435356
58,+1.263716E-04,+1.000050E-02,79.1356602274562
59,+1.264836E-04,+1.000050E-02,79.0655863685094
60,+1.263212E-04,+9.999831E-03,79.1619379803232
61,+1.263439E-04,+1.000050E-02,79.1530101571979
62,+1.264093E-04,+1.000050E-02,79.112059001988
63,+1.264030E-04,+1.000050E-02,79.1160019936236
64,+1.264250E-04,+1.000116E-02,79.1074550128535
65,+1.263710E-04,+1.000050E-02,79.1360359576169
66,+1.263809E-04,+9.999831E-03,79.1245433447617
67,+1.263584E-04,+1.000050E-02,79.1439271152531
68,+1.264138E-04,+9.999831E-03,79.1039506762711
69,+1.264493E-04,+1.000050E-02,79.0870333010938
70,+1.264540E-04,+9.999831E-03,79.0788033593243
71,+1.263590E-04,+9.999831E-03,79.1382568712953
72,+1.263549E-04,+9.999831E-03,79.1408247721299
73,+1.264307E-04,+9.999831E-03,79.0933768459717
74,+1.263769E-04,+1.000050E-02,79.1323414326511
75,+1.263916E-04,+1.000050E-02,79.1231379300523
76,+1.263894E-04,+9.999164E-03,79.1139446820699
77,+1.264041E-04,+1.000050E-02,79.1153135064448
78,+1.263367E-04,+1.000050E-02,79.1575211320226
79,+1.263613E-04,+9.999831E-03,79.1368164145193
80,+1.263730E-04,+1.000050E-02,79.1347835376228
81,+1.264051E-04,+9.999831E-03,79.1093951114314
82,+1.263326E-04,+1.000050E-02,79.160090111341
83,+1.264300E-04,+9.999831E-03,79.0938147591553
84,+1.263715E-04,+9.999831E-03,79.130428933739
85,+1.263600E-04,+9.999831E-03,79.1376305792973
86,+1.263924E-04,+1.000050E-02,79.1226371205864
87,+1.263470E-04,+1.000050E-02,79.1510680902594
88,+1.263271E-04,+1.000050E-02,79.1635365649967
89,+1.263946E-04,+9.999831E-03,79.115966979602
90,+1.263933E-04,+1.000050E-02,79.1220737175151
91,+1.263488E-04,+1.000050E-02,79.1499404822206
92,+1.263518E-04,+9.999831E-03,79.1427664663266
93,+1.263071E-04,+1.000050E-02,79.1760716539292
94,+1.263665E-04,+9.999831E-03,79.1335599229226
95,+1.263679E-04,+1.000050E-02,79.1379772869534
96,+1.263358E-04,+1.000116E-02,79.1633092124323
97,+1.263473E-04,+1.000116E-02,79.1561038502604
98,+1.263198E-04,+9.999831E-03,79.1628153306133
99,+1.263199E-04,+9.999831E-03,79.1627526620905
100,+1.263299E-04,+1.000050E-02,79.1617819692725
101,+1.263830E-04,+1.000050E-02,79.1285220322354
102,+1.263873E-04,+9.999831E-03,79.1205366361968
103,+1.263339E-04,+1.000050E-02,79.1592755388696
104,+1.263878E-04,+1.000050E-02,79.1255168615958
105,+1.264149E-04,+9.999164E-03,79.0979860760084
106,+1.263555E-04,+9.999831E-03,79.1404489713546
107,+1.263301E-04,+1.000050E-02,79.1616566439827
108,+1.264373E-04,+9.999831E-03,79.0892481886279
109,+1.263561E-04,+1.000050E-02,79.1453677345217
110,+1.263519E-04,+9.999831E-03,79.1427038295427
111,+1.263326E-04,+1.000050E-02,79.160090111341
112,+1.263663E-04,+1.000050E-02,79.1389793006522
113,+1.263700E-04,+9.999831E-03,79.1313682044789
114,+1.263224E-04,+1.000050E-02,79.1664819541111
